{
  "users": [
    {
      "name": "krzys",
      "user_id": 1,
      "books_owned": [
        5
      ]
    },
    {
      "name": "kac",
      "user_id": 2,
      "books_owned": []
    },
    {
      "name": "michal",
      "user_id": 3,
      "books_owned": []
    },
    {
      "name": "ghg",
      "user_id": 4,
      "books_owned": []
    },
    {
      "name": "jh",
      "user_id": 5,
      "books_owned": []
    }
  ],
  "books": [
    {
      "title": "hem",
      "author": "ham",
      "book_id": 1,
      "genre": "hmmm",
      "owner_id": 1,
      "status": "available"
    },
    {
      "title": "hjh",
      "author": "jhj",
      "book_id": 2,
      "genre": "klj",
      "owner_id": 2,
      "status": "available"
    },
    {
      "title": "felis",
      "author": "fel",
      "book_id": 3,
      "genre": "l",
      "owner_id": 3,
      "status": "available"
    },
    {
      "title": "ytyty",
      "author": "kl",
      "book_id": 4,
      "genre": "hmmm",
      "owner_id": 4,
      "status": "available"
    },
    {
      "title": "gfgfgfgfgfg",
      "author": "hghjhkjhkjh",
      "book_id": 5,
      "genre": "lklklklkl",
      "owner_id": 1,
      "status": "available"
    }
  ]
}